Project,Package,Module,Class,Method,LOC,CC,PC
flask_app,flask_app,auth,,require_auth,22,-1,1
flask_app,flask_app,booking,,generate_pickup_code,3,1,0
flask_app,flask_app,booking,,generate_unique_pickup_code,7,3,1
flask_app,flask_app,booking,,calculate_total_price,6,3,3
flask_app,flask_app,booking,,get_availability_status,7,1,1
flask_app,flask_app,booking,,get_ticket_id_from_token,33,2,0
flask_app,flask_app,booking,,get_user_bookings,102,5,2
flask_app,flask_app,booking,,create_booking,176,4,5
flask_app,flask_app,booking,,cancel_booking,92,2,2
flask_app,flask_app,booking,,expire_old_bookings,58,4,0
flask_app,flask_app,booking,,list_bookings,17,2,0
flask_app,flask_app,booking,,create_booking_route,35,5,0
flask_app,flask_app,booking,,cancel_booking_route,20,5,1
flask_app,flask_app,app,,get_db_connection,9,1,0
flask_app,flask_app,app,,send_notification,21,2,0
flask_app,flask_app,app,,home,2,1,0
flask_app,flask_app,app,,check_empty,8,2,1
flask_app,flask_app,app,,check_db_for_ticket,14,1,2
flask_app,flask_app,app,,create_token,7,1,2
flask_app,flask_app,app,,login,11,1,0
flask_app,flask_app,app,,protected_test,2,1,0
flask_app,flask_app,app,,get_flights,3,1,0
flask_app,flask_app,app,,get_all_flights,67,5,0
flask_app,flask_app,app,,get_flight_details,5,1,1
flask_app,flask_app,app,,get_flight_by_id,20,1,1
flask_app,flask_app,app,,arrivals,3,1,0
flask_app,flask_app,app,,departures,3,1,0
flask_app,flask_app,app,,get_arrivals,61,3,0
flask_app,flask_app,app,,get_departures,57,3,0
flask_app,flask_app,app,,subscribe,9,3,0
flask_app,flask_app,app,,save_subscription,12,1,3
flask_app,flask_app,shop,,get_shops,191,27,5
flask_app,flask_app,shop,,get_shop_by_id,101,10,1
flask_app,flask_app,shop,,get_shop_hours,70,3,1
flask_app,flask_app,shop,,get_shop_categories,24,1,0
flask_app,flask_app,shop,,get_shop_catalog,70,4,2
flask_app,flask_app,shop,,get_shop_items,113,11,7
flask_app,flask_app,shop,,get_item_by_id,59,2,1
flask_app,flask_app,shop,,get_shop_item_categories,51,2,1
flask_app,flask_app,shop,,list_shops,16,2,0
flask_app,flask_app,shop,,get_shop_details,5,1,1
flask_app,flask_app,shop,,get_shop_hours_route,5,1,1
flask_app,flask_app,shop,,list_shop_categories,3,1,0
flask_app,flask_app,shop,,get_shop_catalog_route,7,1,1
flask_app,flask_app,shop,,list_shop_items,39,9,1
flask_app,flask_app,shop,,get_item_details,5,1,1
flask_app,flask_app,shop,,list_shop_item_categories,5,1,1
flask_app,flask_app.tests,test_bookings,TestBookingHelpers,test_generate_pickup_code_length,4,1,0
flask_app,flask_app.tests,test_bookings,TestBookingHelpers,test_generate_pickup_code_alphanumeric,6,3,0
flask_app,flask_app.tests,test_bookings,TestBookingHelpers,test_calculate_total_price_base_only,6,1,0
flask_app,flask_app.tests,test_bookings,TestBookingHelpers,test_calculate_total_price_with_variants,13,1,0
flask_app,flask_app.tests,test_bookings,TestBookingHelpers,test_calculate_total_price_empty_variants,5,1,0
flask_app,flask_app.tests,test_bookings,TestBookingHelpers,test_get_availability_status_in_stock,4,1,0
flask_app,flask_app.tests,test_bookings,TestBookingHelpers,test_get_availability_status_low_stock,5,1,0
flask_app,flask_app.tests,test_bookings,TestBookingHelpers,test_get_availability_status_out_of_stock,4,1,0
flask_app,flask_app.tests,test_bookings,TestGetBookingsAPI,test_get_bookings_requires_user_id,4,1,1
flask_app,flask_app.tests,test_bookings,TestGetBookingsAPI,test_get_bookings_invalid_user_id,4,1,1
flask_app,flask_app.tests,test_bookings,TestGetBookingsAPI,test_get_bookings_success,25,1,2
flask_app,flask_app.tests,test_bookings,TestGetBookingsAPI,test_get_bookings_filter_by_status,14,1,2
flask_app,flask_app.tests,test_bookings,TestCreateBookingAPI,test_create_booking_requires_body,3,1,1
flask_app,flask_app.tests,test_bookings,TestCreateBookingAPI,test_create_booking_requires_user_id,7,1,1
flask_app,flask_app.tests,test_bookings,TestCreateBookingAPI,test_create_booking_requires_item_and_shop,7,1,1
flask_app,flask_app.tests,test_bookings,TestCreateBookingAPI,test_create_booking_success,28,1,2
flask_app,flask_app.tests,test_bookings,TestCreateBookingAPI,test_create_booking_invalid_quantity,19,1,2
flask_app,flask_app.tests,test_bookings,TestCreateBookingAPI,test_create_booking_out_of_stock,19,1,2
flask_app,flask_app.tests,test_bookings,TestCreateBookingAPI,test_create_booking_item_not_found,18,1,2
flask_app,flask_app.tests,test_bookings,TestCreateBookingAPI,test_create_booking_already_reserved,19,1,2
flask_app,flask_app.tests,test_bookings,TestCancelBookingAPI,test_cancel_booking_requires_user_id,3,1,1
flask_app,flask_app.tests,test_bookings,TestCancelBookingAPI,test_cancel_booking_success,20,1,2
flask_app,flask_app.tests,test_bookings,TestCancelBookingAPI,test_cancel_booking_not_found,16,1,2
flask_app,flask_app.tests,test_bookings,TestCancelBookingAPI,test_cancel_booking_forbidden,16,1,2
flask_app,flask_app.tests,test_bookings,TestCancelBookingAPI,test_cancel_booking_already_cancelled,17,1,2
flask_app,flask_app.tests,test_flights,,test_get_flights_returns_list,12,1,2
flask_app,flask_app.tests,conftest,,client,3,1,0
flask_app,flask_app.tests,test_shopping_component,TestProductImages,test_get_shop_items_includes_image_url,22,1,2
flask_app,flask_app.tests,test_shopping_component,TestProductImages,test_get_shop_items_image_url_can_be_none,22,1,2
flask_app,flask_app.tests,test_shopping_component,TestProductVariants,test_get_shop_items_includes_variants,38,1,2
flask_app,flask_app.tests,test_shopping_component,TestProductVariants,test_variant_has_required_fields,31,1,2
flask_app,flask_app.tests,test_shopping_component,TestProductVariants,test_variant_final_price_calculation,6,1,0
flask_app,flask_app.tests,test_shopping_component,TestProductVariants,test_items_without_variants_have_empty_array,22,1,2
flask_app,flask_app.tests,test_shopping_component,TestStockQuantity,test_get_shop_items_includes_stock_quantity,21,1,2
flask_app,flask_app.tests,test_shopping_component,TestStockQuantity,test_stock_quantity_is_integer,21,1,2
flask_app,flask_app.tests,test_shopping_component,TestTimeParsing,test_parse_single_digit_hour,6,1,0
flask_app,flask_app.tests,test_shopping_component,TestTimeParsing,test_parse_double_digit_hour,6,1,0
flask_app,flask_app.tests,test_shopping_component,TestTimeParsing,test_parse_evening_time,6,1,0
flask_app,flask_app.tests,test_shopping_component,TestTimeParsing,test_parse_time_with_trailing_colon,6,1,0
flask_app,flask_app.tests,test_shopping_component,TestTimeParsing,test_time_comparison_open_hours,12,1,0
flask_app,flask_app.tests,test_shopping_component,TestShopStatusText,test_status_open_now,24,1,2
flask_app,flask_app.tests,test_shopping_component,TestShopStatusText,test_status_opens_at_when_closed,24,1,2
flask_app,flask_app.tests,test_shopping_component,TestShopStatusText,test_next_change_shows_close_time_when_open,24,1,2
flask_app,flask_app.tests,test_shopping_component,TestShopStatusText,test_next_change_shows_open_time_when_closed,24,1,2
flask_app,flask_app.tests,test_shopping_component,TestBookingWithVariants,test_create_booking_with_variants_calculates_price,14,1,0
flask_app,flask_app.tests,test_shopping_component,TestBookingWithVariants,test_create_booking_with_multiple_quantity_and_variants,14,1,0
flask_app,flask_app.tests,test_shopping_component,TestBookingWithVariants,test_create_booking_with_positive_price_adjustment,14,1,0
flask_app,flask_app.tests,test_login,,test_login_success,5,1,1
flask_app,flask_app.tests,test_login,,test_login_invalid,8,1,1
flask_app,flask_app.tests,test_login,,test_login_missing_fields,3,1,1
flask_app,flask_app.tests,test_login,,test_login_missing_fields,4,1,3
flask_app,flask_app.tests,test_login,,test_login_returns_valid_token,10,1,1
flask_app,flask_app.tests,test_login,,test_login_uses_db_query,13,1,2
flask_app,flask_app.tests,test_login,,test_missing_token_returns_401,4,1,1
flask_app,flask_app.tests,test_login,,test_invalid_token_returns_401,4,1,1
flask_app,flask_app.tests,test_login,,test_valid_token_allows_access,10,1,1
flask_app,flask_app.tests,test_arrivals_departures,,test_get_arrivals,22,1,2
flask_app,flask_app.tests,test_arrivals_departures,,test_get_departures,22,1,2
flask_app,flask_app.tests,test_flight_details,,test_get_flight_details,16,1,2
flask_app,flask_app.tests,test_subscribe,,test_subscribe_requires_auth,4,1,1
flask_app,flask_app.tests,test_subscribe,,test_subscribe_success,17,1,2
flask_app,flask_app.tests,test_shops,,test_get_shops_list_all,35,1,2
flask_app,flask_app.tests,test_shops,,test_get_shops_with_category_filter,14,1,2
flask_app,flask_app.tests,test_shops,,test_get_shops_with_open_now_filter_true,12,1,2
flask_app,flask_app.tests,test_shops,,test_get_shops_with_open_now_filter_false,12,1,2
flask_app,flask_app.tests,test_shops,,test_get_shops_with_sorting_name,12,1,2
flask_app,flask_app.tests,test_shops,,test_get_shops_with_sorting_status,12,1,2
flask_app,flask_app.tests,test_shops,,test_get_shops_with_sorting_gate,12,1,2
flask_app,flask_app.tests,test_shops,,test_get_shops_with_terminal_filter,12,1,2
flask_app,flask_app.tests,test_shops,,test_get_shops_with_gate_filter,12,1,2
flask_app,flask_app.tests,test_shops,,test_get_shops_with_multiple_filters,22,1,2
flask_app,flask_app.tests,test_shops,,test_get_shop_by_id_success,40,1,2
flask_app,flask_app.tests,test_shops,,test_get_shop_by_id_not_found,10,1,2
flask_app,flask_app.tests,test_shops,,test_get_shop_by_id_invalid_id,3,1,2
flask_app,flask_app.tests,test_shops,,test_get_shop_hours_success,27,1,2
flask_app,flask_app.tests,test_shops,,test_get_shop_hours_not_found,9,1,2
flask_app,flask_app.tests,test_shops,,test_get_shop_categories,19,1,2
flask_app,flask_app.tests,test_shops,,test_get_shop_categories_empty,9,1,2
flask_app,flask_app.tests,test_shops,,test_get_shop_catalog_success,30,1,2
flask_app,flask_app.tests,test_shops,,test_get_shop_catalog_default_include_items,13,1,2
flask_app,flask_app.tests,test_shops,,test_get_shop_catalog_without_items,13,1,2
flask_app,flask_app.tests,test_shops,,test_get_shop_catalog_not_found,9,1,2
flask_app,flask_app.tests,test_shops,,test_get_shop_items_success,31,1,2
flask_app,flask_app.tests,test_shops,,test_get_shop_items_with_search,14,1,2
flask_app,flask_app.tests,test_shops,,test_get_shop_items_with_category_id,14,1,2
flask_app,flask_app.tests,test_shops,,test_get_shop_items_with_min_price,14,1,2
flask_app,flask_app.tests,test_shops,,test_get_shop_items_with_max_price,14,1,2
flask_app,flask_app.tests,test_shops,,test_get_shop_items_with_price_range,17,1,2
flask_app,flask_app.tests,test_shops,,test_get_shop_items_invalid_price_range,6,1,2
flask_app,flask_app.tests,test_shops,,test_get_shop_items_with_availability_in_stock,14,1,2
flask_app,flask_app.tests,test_shops,,test_get_shop_items_with_availability_low_stock,14,1,2
flask_app,flask_app.tests,test_shops,,test_get_shop_items_with_availability_out_of_stock,14,1,2
flask_app,flask_app.tests,test_shops,,test_get_shop_items_with_sorting_name,14,1,2
flask_app,flask_app.tests,test_shops,,test_get_shop_items_with_sorting_price_asc,14,1,2
flask_app,flask_app.tests,test_shops,,test_get_shop_items_with_sorting_price_desc,14,1,2
flask_app,flask_app.tests,test_shops,,test_get_shop_items_with_multiple_filters,22,1,2
flask_app,flask_app.tests,test_shops,,test_get_shop_items_not_found,10,1,2
flask_app,flask_app.tests,test_shops,,test_get_item_by_id_success,35,1,2
flask_app,flask_app.tests,test_shops,,test_get_item_by_id_not_found,9,1,2
flask_app,flask_app.tests,test_shops,,test_get_item_by_id_invalid_id,3,1,2
flask_app,flask_app.tests,test_shops,,test_get_shop_item_categories,34,1,2
flask_app,flask_app.tests,test_shops,,test_get_shop_item_categories_empty,14,1,2
flask_app,flask_app.tests,test_shops,,test_get_shop_item_categories_not_found,9,1,2
flask_app,flask_app.tests,test_integration,TestGetShops,test_basic_listing,15,1,1
flask_app,flask_app.tests,test_integration,TestGetShops,test_category_filter,12,1,1
flask_app,flask_app.tests,test_integration,TestGetShops,test_terminal_filter,12,1,1
flask_app,flask_app.tests,test_integration,TestGetShops,test_gate_filter,12,1,1
flask_app,flask_app.tests,test_integration,TestGetShops,test_name_sorting,12,1,1
flask_app,flask_app.tests,test_integration,TestGetShops,test_status_sorting,14,1,1
flask_app,flask_app.tests,test_integration,TestGetShops,test_open_now_filter,12,1,1
flask_app,flask_app.tests,test_integration,TestGetShops,test_closed_shop_status,12,1,1
flask_app,flask_app.tests,test_integration,TestGetShops,test_time_as_string,12,1,1
flask_app,flask_app.tests,test_integration,TestGetShops,test_db_error,5,1,1
flask_app,flask_app.tests,test_integration,TestGetShopById,test_found,18,1,1
flask_app,flask_app.tests,test_integration,TestGetShopById,test_not_found,8,1,1
flask_app,flask_app.tests,test_integration,TestGetShopById,test_db_error,4,1,1
flask_app,flask_app.tests,test_integration,TestShopHours,test_invalid_shop,8,1,1
flask_app,flask_app.tests,test_integration,TestShopHours,test_weekly_schedule,19,1,1
flask_app,flask_app.tests,test_integration,TestShopCategories,test_list_all,12,1,1
flask_app,flask_app.tests,test_integration,TestShopCategories,test_empty,9,1,1
flask_app,flask_app.tests,test_integration,TestShopCatalog,test_with_items,14,1,1
flask_app,flask_app.tests,test_integration,TestShopCatalog,test_shop_not_found,8,1,1
flask_app,flask_app.tests,test_integration,TestShopItems,test_basic_list,15,1,1
flask_app,flask_app.tests,test_integration,TestShopItems,test_with_filters,16,1,1
flask_app,flask_app.tests,test_integration,TestItemCategories,test_valid_shop,15,1,1
flask_app,flask_app.tests,test_integration,TestPickupCodes,test_length,3,1,0
flask_app,flask_app.tests,test_integration,TestPickupCodes,test_format,6,3,0
flask_app,flask_app.tests,test_integration,TestPickupCodes,test_uniqueness,4,1,0
flask_app,flask_app.tests,test_integration,TestPickupCodes,test_db_check,6,1,1
flask_app,flask_app.tests,test_integration,TestGetBookings,test_empty_list,9,1,1
flask_app,flask_app.tests,test_integration,TestGetBookings,test_with_data,18,1,1
flask_app,flask_app.tests,test_integration,TestCreateBooking,test_success,13,1,1
flask_app,flask_app.tests,test_integration,TestCreateBooking,test_item_not_found,9,1,1
flask_app,flask_app.tests,test_integration,TestCreateBooking,test_out_of_stock,10,1,1
flask_app,flask_app.tests,test_integration,TestCancelBooking,test_success,12,1,1
flask_app,flask_app.tests,test_integration,TestCancelBooking,test_not_found,9,1,1
flask_app,flask_app.tests,test_integration,TestCancelBooking,test_wrong_user,9,1,1
flask_app,flask_app.tests,test_integration,TestCancelBooking,test_already_cancelled,9,1,1
flask_app,flask_app.tests,test_integration,TestExpireBookings,test_expires_old,10,1,1
flask_app,flask_app.tests,test_integration,TestExpireBookings,test_nothing_to_expire,8,1,1
flask_app,flask_app.tests,test_integration,TestReservationExpiry,test_24hr_window,4,1,0
flask_app,flask_app.tests,test_integration,TestReservationExpiry,test_still_valid_at_23hrs,5,1,0
flask_app,flask_app.tests,test_integration,TestReservationExpiry,test_expired_at_25hrs,5,1,0
flask_app,flask_app.tests,test_integration,TestStockManagement,test_decrease_on_order,3,1,0
flask_app,flask_app.tests,test_integration,TestStockManagement,test_restore_on_cancel,3,1,0
flask_app,flask_app.tests,test_integration,TestStockManagement,test_reject_if_insufficient,4,1,0
flask_app,flask_app.tests,test_integration,TestStockManagement,test_cumulative_orders,6,1,0
flask_app,flask_app.helper,helper_cron_jobs,,get_db_connection,9,1,0
flask_app,flask_app.helper,helper_cron_jobs,,check_departure_reminders,88,18,0
flask_app,flask_app.helper,helper_cron_jobs,,check_flight_updates,100,26,0
flask_app,flask_app.helper,helper_cron_jobs,,start_background_jobs,40,2,1
flask_app,flask_app.helper,helper_firebase_notification,,send_push,36,2,3
flask_app,flask_app.helper,helper_firebase_notification,,_fetch_tokens_for_subscription,37,6,2
flask_app,flask_app.helper,helper_firebase_notification,,notify_subscribers,111,22,4
