Project,Package,Module,Class,Smell,Method,Line no,File,Description
flask_app,flask_app,auth,,Empty catch block,require_auth,34,/Users/jashwanthnaidu/ASDC project/group01/flask_app/auth.py,Empty catch block found in require_auth.
flask_app,flask_app,auth,,Empty catch block,require_auth,36,/Users/jashwanthnaidu/ASDC project/group01/flask_app/auth.py,Empty catch block found in require_auth.
flask_app,flask_app,auth,,Long statement,require_auth,10,/Users/jashwanthnaidu/ASDC project/group01/flask_app/auth.py,A line with 358 chars in require_auth exceeds the maximum length of 120 characters.
flask_app,flask_app,constants,,Long statement,,1,/Users/jashwanthnaidu/ASDC project/group01/flask_app/constants.py,A line with 310 chars in constants exceeds the maximum length of 120 characters.
flask_app,flask_app,booking,,Empty catch block,get_ticket_id_from_token,124,/Users/jashwanthnaidu/ASDC project/group01/flask_app/booking.py,Empty catch block found in get_ticket_id_from_token.
flask_app,flask_app,booking,,Empty catch block,get_ticket_id_from_token,126,/Users/jashwanthnaidu/ASDC project/group01/flask_app/booking.py,Empty catch block found in get_ticket_id_from_token.
flask_app,flask_app,booking,,Empty catch block,list_bookings,587,/Users/jashwanthnaidu/ASDC project/group01/flask_app/booking.py,Empty catch block found in list_bookings.
flask_app,flask_app,booking,,Long method,get_user_bookings,132 - 234,/Users/jashwanthnaidu/ASDC project/group01/flask_app/booking.py,Method 'get_user_bookings' is too long (102 lines).
flask_app,flask_app,booking,,Long method,create_booking,237 - 413,/Users/jashwanthnaidu/ASDC project/group01/flask_app/booking.py,Method 'create_booking' is too long (176 lines).
flask_app,flask_app,booking,,Long method,cancel_booking,416 - 508,/Users/jashwanthnaidu/ASDC project/group01/flask_app/booking.py,Method 'cancel_booking' is too long (92 lines).
flask_app,flask_app,booking,,Long statement,get_user_bookings,138,/Users/jashwanthnaidu/ASDC project/group01/flask_app/booking.py,A line with 977 chars in get_user_bookings exceeds the maximum length of 120 characters.
flask_app,flask_app,booking,,Long statement,create_booking,246,/Users/jashwanthnaidu/ASDC project/group01/flask_app/booking.py,A line with 144 chars in create_booking exceeds the maximum length of 120 characters.
flask_app,flask_app,booking,,Long statement,create_booking,254,/Users/jashwanthnaidu/ASDC project/group01/flask_app/booking.py,A line with 193 chars in create_booking exceeds the maximum length of 120 characters.
flask_app,flask_app,booking,,Long statement,create_booking,280,/Users/jashwanthnaidu/ASDC project/group01/flask_app/booking.py,A line with 132 chars in create_booking exceeds the maximum length of 120 characters.
flask_app,flask_app,booking,,Long statement,create_booking,308,/Users/jashwanthnaidu/ASDC project/group01/flask_app/booking.py,A line with 144 chars in create_booking exceeds the maximum length of 120 characters.
flask_app,flask_app,booking,,Long statement,create_booking,317,/Users/jashwanthnaidu/ASDC project/group01/flask_app/booking.py,A line with 133 chars in create_booking exceeds the maximum length of 120 characters.
flask_app,flask_app,booking,,Long statement,create_booking,327,/Users/jashwanthnaidu/ASDC project/group01/flask_app/booking.py,A line with 121 chars in create_booking exceeds the maximum length of 120 characters.
flask_app,flask_app,booking,,Long statement,create_booking,348,/Users/jashwanthnaidu/ASDC project/group01/flask_app/booking.py,A line with 386 chars in create_booking exceeds the maximum length of 120 characters.
flask_app,flask_app,booking,,Long statement,create_booking,364,/Users/jashwanthnaidu/ASDC project/group01/flask_app/booking.py,A line with 129 chars in create_booking exceeds the maximum length of 120 characters.
flask_app,flask_app,booking,,Long statement,create_booking,374,/Users/jashwanthnaidu/ASDC project/group01/flask_app/booking.py,A line with 694 chars in create_booking exceeds the maximum length of 120 characters.
flask_app,flask_app,booking,,Long statement,cancel_booking,424,/Users/jashwanthnaidu/ASDC project/group01/flask_app/booking.py,A line with 179 chars in cancel_booking exceeds the maximum length of 120 characters.
flask_app,flask_app,booking,,Long statement,cancel_booking,465,/Users/jashwanthnaidu/ASDC project/group01/flask_app/booking.py,A line with 168 chars in cancel_booking exceeds the maximum length of 120 characters.
flask_app,flask_app,booking,,Long statement,cancel_booking,472,/Users/jashwanthnaidu/ASDC project/group01/flask_app/booking.py,A line with 160 chars in cancel_booking exceeds the maximum length of 120 characters.
flask_app,flask_app,booking,,Long statement,cancel_booking,494,/Users/jashwanthnaidu/ASDC project/group01/flask_app/booking.py,A line with 142 chars in cancel_booking exceeds the maximum length of 120 characters.
flask_app,flask_app,booking,,Long statement,expire_old_bookings,520,/Users/jashwanthnaidu/ASDC project/group01/flask_app/booking.py,A line with 183 chars in expire_old_bookings exceeds the maximum length of 120 characters.
flask_app,flask_app,booking,,Long statement,expire_old_bookings,531,/Users/jashwanthnaidu/ASDC project/group01/flask_app/booking.py,A line with 150 chars in expire_old_bookings exceeds the maximum length of 120 characters.
flask_app,flask_app,booking,,Long statement,expire_old_bookings,538,/Users/jashwanthnaidu/ASDC project/group01/flask_app/booking.py,A line with 176 chars in expire_old_bookings exceeds the maximum length of 120 characters.
flask_app,flask_app,booking,,Long statement,create_booking_route,629,/Users/jashwanthnaidu/ASDC project/group01/flask_app/booking.py,A line with 132 chars in create_booking_route exceeds the maximum length of 120 characters.
flask_app,flask_app,booking,,Long statement,,1,/Users/jashwanthnaidu/ASDC project/group01/flask_app/booking.py,A line with 146 chars in booking exceeds the maximum length of 120 characters.
flask_app,flask_app,test_db_connection,,Long statement,,18,/Users/jashwanthnaidu/ASDC project/group01/flask_app/test_db_connection.py,A line with 239 chars in test_db_connection exceeds the maximum length of 120 characters.
flask_app,flask_app,app,,Long method,get_all_flights,196 - 266,/Users/jashwanthnaidu/ASDC project/group01/flask_app/app.py,Method 'get_all_flights' is too long (67 lines).
flask_app,flask_app,app,,Long statement,get_db_connection,82,/Users/jashwanthnaidu/ASDC project/group01/flask_app/app.py,A line with 261 chars in get_db_connection exceeds the maximum length of 120 characters.
flask_app,flask_app,app,,Long statement,check_db_for_ticket,143,/Users/jashwanthnaidu/ASDC project/group01/flask_app/app.py,A line with 180 chars in check_db_for_ticket exceeds the maximum length of 120 characters.
flask_app,flask_app,app,,Long statement,get_all_flights,205,/Users/jashwanthnaidu/ASDC project/group01/flask_app/app.py,A line with 762 chars in get_all_flights exceeds the maximum length of 120 characters.
flask_app,flask_app,app,,Long statement,get_all_flights,240,/Users/jashwanthnaidu/ASDC project/group01/flask_app/app.py,A line with 153 chars in get_all_flights exceeds the maximum length of 120 characters.
flask_app,flask_app,app,,Long statement,get_all_flights,247,/Users/jashwanthnaidu/ASDC project/group01/flask_app/app.py,A line with 171 chars in get_all_flights exceeds the maximum length of 120 characters.
flask_app,flask_app,app,,Long statement,get_all_flights,251,/Users/jashwanthnaidu/ASDC project/group01/flask_app/app.py,A line with 521 chars in get_all_flights exceeds the maximum length of 120 characters.
flask_app,flask_app,app,,Long statement,get_flight_by_id,280,/Users/jashwanthnaidu/ASDC project/group01/flask_app/app.py,A line with 127 chars in get_flight_by_id exceeds the maximum length of 120 characters.
flask_app,flask_app,app,,Long statement,get_flight_by_id,291,/Users/jashwanthnaidu/ASDC project/group01/flask_app/app.py,A line with 165 chars in get_flight_by_id exceeds the maximum length of 120 characters.
flask_app,flask_app,app,,Long statement,get_arrivals,317,/Users/jashwanthnaidu/ASDC project/group01/flask_app/app.py,A line with 816 chars in get_arrivals exceeds the maximum length of 120 characters.
flask_app,flask_app,app,,Long statement,get_arrivals,353,/Users/jashwanthnaidu/ASDC project/group01/flask_app/app.py,A line with 144 chars in get_arrivals exceeds the maximum length of 120 characters.
flask_app,flask_app,app,,Long statement,get_arrivals,357,/Users/jashwanthnaidu/ASDC project/group01/flask_app/app.py,A line with 683 chars in get_arrivals exceeds the maximum length of 120 characters.
flask_app,flask_app,app,,Long statement,get_departures,384,/Users/jashwanthnaidu/ASDC project/group01/flask_app/app.py,A line with 798 chars in get_departures exceeds the maximum length of 120 characters.
flask_app,flask_app,app,,Long statement,get_departures,419,/Users/jashwanthnaidu/ASDC project/group01/flask_app/app.py,A line with 149 chars in get_departures exceeds the maximum length of 120 characters.
flask_app,flask_app,app,,Long statement,get_departures,423,/Users/jashwanthnaidu/ASDC project/group01/flask_app/app.py,A line with 592 chars in get_departures exceeds the maximum length of 120 characters.
flask_app,flask_app,app,,Long statement,save_subscription,464,/Users/jashwanthnaidu/ASDC project/group01/flask_app/app.py,A line with 168 chars in save_subscription exceeds the maximum length of 120 characters.
flask_app,flask_app,app,,Magic number,get_all_flights,242,/Users/jashwanthnaidu/ASDC project/group01/flask_app/app.py,Magic number 5 used in get_all_flights.
flask_app,flask_app,app,,Magic number,get_all_flights,249,/Users/jashwanthnaidu/ASDC project/group01/flask_app/app.py,Magic number 5 used in get_all_flights.
flask_app,flask_app,app,,Magic number,get_arrivals,355,/Users/jashwanthnaidu/ASDC project/group01/flask_app/app.py,Magic number 5 used in get_arrivals.
flask_app,flask_app,app,,Magic number,get_departures,421,/Users/jashwanthnaidu/ASDC project/group01/flask_app/app.py,Magic number 5 used in get_departures.
flask_app,flask_app,__init__ ,,Long statement,,7,/Users/jashwanthnaidu/ASDC project/group01/flask_app/__init__ .py,A line with 125 chars in __init__  exceeds the maximum length of 120 characters.
flask_app,flask_app,shop,,Complex method,get_shops,22 - 212,/Users/jashwanthnaidu/ASDC project/group01/flask_app/shop.py,"Method 'get_shops' has a cyclomatic complexity of 27, exceeding the max of 6."
flask_app,flask_app,shop,,Complex method,get_shop_by_id,216 - 317,/Users/jashwanthnaidu/ASDC project/group01/flask_app/shop.py,"Method 'get_shop_by_id' has a cyclomatic complexity of 10, exceeding the max of 6."
flask_app,flask_app,shop,,Complex method,get_shop_items,493 - 607,/Users/jashwanthnaidu/ASDC project/group01/flask_app/shop.py,"Method 'get_shop_items' has a cyclomatic complexity of 11, exceeding the max of 6."
flask_app,flask_app,shop,,Complex method,list_shop_items,788 - 836,/Users/jashwanthnaidu/ASDC project/group01/flask_app/shop.py,"Method 'list_shop_items' has a cyclomatic complexity of 9, exceeding the max of 6."
flask_app,flask_app,shop,,Long method,get_shops,22 - 212,/Users/jashwanthnaidu/ASDC project/group01/flask_app/shop.py,Method 'get_shops' is too long (191 lines).
flask_app,flask_app,shop,,Long method,get_shop_by_id,216 - 317,/Users/jashwanthnaidu/ASDC project/group01/flask_app/shop.py,Method 'get_shop_by_id' is too long (101 lines).
flask_app,flask_app,shop,,Long method,get_shop_hours,320 - 390,/Users/jashwanthnaidu/ASDC project/group01/flask_app/shop.py,Method 'get_shop_hours' is too long (70 lines).
flask_app,flask_app,shop,,Long method,get_shop_catalog,420 - 490,/Users/jashwanthnaidu/ASDC project/group01/flask_app/shop.py,Method 'get_shop_catalog' is too long (70 lines).
flask_app,flask_app,shop,,Long method,get_shop_items,493 - 607,/Users/jashwanthnaidu/ASDC project/group01/flask_app/shop.py,Method 'get_shop_items' is too long (113 lines).
flask_app,flask_app,shop,,Long parameter list,get_shop_items,493 - 607,/Users/jashwanthnaidu/ASDC project/group01/flask_app/shop.py,"get_shop_items has 7 parameters, exceeding the max of 5."
flask_app,flask_app,shop,,Long statement,get_shops,61,/Users/jashwanthnaidu/ASDC project/group01/flask_app/shop.py,A line with 497 chars in get_shops exceeds the maximum length of 120 characters.
flask_app,flask_app,shop,,Long statement,get_shop_by_id,223,/Users/jashwanthnaidu/ASDC project/group01/flask_app/shop.py,A line with 209 chars in get_shop_by_id exceeds the maximum length of 120 characters.
flask_app,flask_app,shop,,Long statement,get_shop_by_id,242,/Users/jashwanthnaidu/ASDC project/group01/flask_app/shop.py,A line with 184 chars in get_shop_by_id exceeds the maximum length of 120 characters.
flask_app,flask_app,shop,,Long statement,get_shop_by_id,302,/Users/jashwanthnaidu/ASDC project/group01/flask_app/shop.py,A line with 213 chars in get_shop_by_id exceeds the maximum length of 120 characters.
flask_app,flask_app,shop,,Long statement,get_shop_hours,338,/Users/jashwanthnaidu/ASDC project/group01/flask_app/shop.py,A line with 198 chars in get_shop_hours exceeds the maximum length of 120 characters.
flask_app,flask_app,shop,,Long statement,get_shop_hours,359,/Users/jashwanthnaidu/ASDC project/group01/flask_app/shop.py,A line with 121 chars in get_shop_hours exceeds the maximum length of 120 characters.
flask_app,flask_app,shop,,Long statement,get_shop_hours,370,/Users/jashwanthnaidu/ASDC project/group01/flask_app/shop.py,A line with 128 chars in get_shop_hours exceeds the maximum length of 120 characters.
flask_app,flask_app,shop,,Long statement,get_shop_categories,399,/Users/jashwanthnaidu/ASDC project/group01/flask_app/shop.py,A line with 201 chars in get_shop_categories exceeds the maximum length of 120 characters.
flask_app,flask_app,shop,,Long statement,get_shop_catalog,438,/Users/jashwanthnaidu/ASDC project/group01/flask_app/shop.py,A line with 275 chars in get_shop_catalog exceeds the maximum length of 120 characters.
flask_app,flask_app,shop,,Long statement,get_shop_catalog,457,/Users/jashwanthnaidu/ASDC project/group01/flask_app/shop.py,A line with 247 chars in get_shop_catalog exceeds the maximum length of 120 characters.
flask_app,flask_app,shop,,Long statement,get_shop_catalog,467,/Users/jashwanthnaidu/ASDC project/group01/flask_app/shop.py,A line with 128 chars in get_shop_catalog exceeds the maximum length of 120 characters.
flask_app,flask_app,shop,,Long statement,get_shop_items,546,/Users/jashwanthnaidu/ASDC project/group01/flask_app/shop.py,A line with 325 chars in get_shop_items exceeds the maximum length of 120 characters.
flask_app,flask_app,shop,,Long statement,get_shop_items,568,/Users/jashwanthnaidu/ASDC project/group01/flask_app/shop.py,A line with 240 chars in get_shop_items exceeds the maximum length of 120 characters.
flask_app,flask_app,shop,,Long statement,get_shop_items,578,/Users/jashwanthnaidu/ASDC project/group01/flask_app/shop.py,A line with 133 chars in get_shop_items exceeds the maximum length of 120 characters.
flask_app,flask_app,shop,,Long statement,get_shop_items,584,/Users/jashwanthnaidu/ASDC project/group01/flask_app/shop.py,A line with 212 chars in get_shop_items exceeds the maximum length of 120 characters.
flask_app,flask_app,shop,,Long statement,get_item_by_id,616,/Users/jashwanthnaidu/ASDC project/group01/flask_app/shop.py,A line with 216 chars in get_item_by_id exceeds the maximum length of 120 characters.
flask_app,flask_app,shop,,Long statement,get_item_by_id,637,/Users/jashwanthnaidu/ASDC project/group01/flask_app/shop.py,A line with 220 chars in get_item_by_id exceeds the maximum length of 120 characters.
flask_app,flask_app,shop,,Long statement,get_item_by_id,649,/Users/jashwanthnaidu/ASDC project/group01/flask_app/shop.py,A line with 133 chars in get_item_by_id exceeds the maximum length of 120 characters.
flask_app,flask_app,shop,,Long statement,get_item_by_id,658,/Users/jashwanthnaidu/ASDC project/group01/flask_app/shop.py,A line with 171 chars in get_item_by_id exceeds the maximum length of 120 characters.
flask_app,flask_app,shop,,Long statement,get_shop_item_categories,691,/Users/jashwanthnaidu/ASDC project/group01/flask_app/shop.py,A line with 470 chars in get_shop_item_categories exceeds the maximum length of 120 characters.
flask_app,flask_app,shop,,Long statement,list_shop_items,825,/Users/jashwanthnaidu/ASDC project/group01/flask_app/shop.py,A line with 152 chars in list_shop_items exceeds the maximum length of 120 characters.
flask_app,flask_app,shop,,Long statement,,1,/Users/jashwanthnaidu/ASDC project/group01/flask_app/shop.py,A line with 128 chars in shop exceeds the maximum length of 120 characters.
flask_app,flask_app.tests,test_bookings,TestCreateBookingAPI,Long lambda function,test_create_booking_success,214,/Users/jashwanthnaidu/ASDC project/group01/flask_app/tests/test_bookings.py,A Lambda with 81 chars in test_create_booking_success exceeds the maximum length of 80 characters.
flask_app,flask_app.tests,test_bookings,TestCreateBookingAPI,Long lambda function,test_create_booking_invalid_quantity,239,/Users/jashwanthnaidu/ASDC project/group01/flask_app/tests/test_bookings.py,A Lambda with 81 chars in test_create_booking_invalid_quantity exceeds the maximum length of 80 characters.
flask_app,flask_app.tests,test_bookings,TestCreateBookingAPI,Long lambda function,test_create_booking_out_of_stock,263,/Users/jashwanthnaidu/ASDC project/group01/flask_app/tests/test_bookings.py,A Lambda with 81 chars in test_create_booking_out_of_stock exceeds the maximum length of 80 characters.
flask_app,flask_app.tests,test_bookings,TestCreateBookingAPI,Long lambda function,test_create_booking_item_not_found,287,/Users/jashwanthnaidu/ASDC project/group01/flask_app/tests/test_bookings.py,A Lambda with 81 chars in test_create_booking_item_not_found exceeds the maximum length of 80 characters.
flask_app,flask_app.tests,test_bookings,TestCreateBookingAPI,Long lambda function,test_create_booking_already_reserved,310,/Users/jashwanthnaidu/ASDC project/group01/flask_app/tests/test_bookings.py,A Lambda with 81 chars in test_create_booking_already_reserved exceeds the maximum length of 80 characters.
flask_app,flask_app.tests,test_bookings,TestBookingHelpers,Long identifier,test_generate_pickup_code_length,40,/Users/jashwanthnaidu/ASDC project/group01/flask_app/tests/test_bookings.py,Identifier'test_generate_pickup_code_length' exceeds the maximum length of 30 characters.
flask_app,flask_app.tests,test_bookings,TestBookingHelpers,Long identifier,test_generate_pickup_code_alphanumeric,46,/Users/jashwanthnaidu/ASDC project/group01/flask_app/tests/test_bookings.py,Identifier'test_generate_pickup_code_alphanumeric' exceeds the maximum length of 30 characters.
flask_app,flask_app.tests,test_bookings,TestBookingHelpers,Long identifier,test_calculate_total_price_base_only,54,/Users/jashwanthnaidu/ASDC project/group01/flask_app/tests/test_bookings.py,Identifier'test_calculate_total_price_base_only' exceeds the maximum length of 30 characters.
flask_app,flask_app.tests,test_bookings,TestBookingHelpers,Long identifier,test_calculate_total_price_with_variants,62,/Users/jashwanthnaidu/ASDC project/group01/flask_app/tests/test_bookings.py,Identifier'test_calculate_total_price_with_variants' exceeds the maximum length of 30 characters.
flask_app,flask_app.tests,test_bookings,TestBookingHelpers,Long identifier,test_calculate_total_price_empty_variants,77,/Users/jashwanthnaidu/ASDC project/group01/flask_app/tests/test_bookings.py,Identifier'test_calculate_total_price_empty_variants' exceeds the maximum length of 30 characters.
flask_app,flask_app.tests,test_bookings,TestBookingHelpers,Long identifier,test_get_availability_status_in_stock,84,/Users/jashwanthnaidu/ASDC project/group01/flask_app/tests/test_bookings.py,Identifier'test_get_availability_status_in_stock' exceeds the maximum length of 30 characters.
flask_app,flask_app.tests,test_bookings,TestBookingHelpers,Long identifier,test_get_availability_status_low_stock,90,/Users/jashwanthnaidu/ASDC project/group01/flask_app/tests/test_bookings.py,Identifier'test_get_availability_status_low_stock' exceeds the maximum length of 30 characters.
flask_app,flask_app.tests,test_bookings,TestBookingHelpers,Long identifier,test_get_availability_status_out_of_stock,97,/Users/jashwanthnaidu/ASDC project/group01/flask_app/tests/test_bookings.py,Identifier'test_get_availability_status_out_of_stock' exceeds the maximum length of 30 characters.
flask_app,flask_app.tests,test_bookings,TestGetBookingsAPI,Long identifier,test_get_bookings_requires_user_id,107,/Users/jashwanthnaidu/ASDC project/group01/flask_app/tests/test_bookings.py,Identifier'test_get_bookings_requires_user_id' exceeds the maximum length of 30 characters.
flask_app,flask_app.tests,test_bookings,TestGetBookingsAPI,Long identifier,test_get_bookings_invalid_user_id,113,/Users/jashwanthnaidu/ASDC project/group01/flask_app/tests/test_bookings.py,Identifier'test_get_bookings_invalid_user_id' exceeds the maximum length of 30 characters.
flask_app,flask_app.tests,test_bookings,TestGetBookingsAPI,Long identifier,test_get_bookings_filter_by_status,148,/Users/jashwanthnaidu/ASDC project/group01/flask_app/tests/test_bookings.py,Identifier'test_get_bookings_filter_by_status' exceeds the maximum length of 30 characters.
flask_app,flask_app.tests,test_bookings,TestCreateBookingAPI,Long identifier,test_create_booking_requires_body,172,/Users/jashwanthnaidu/ASDC project/group01/flask_app/tests/test_bookings.py,Identifier'test_create_booking_requires_body' exceeds the maximum length of 30 characters.
flask_app,flask_app.tests,test_bookings,TestCreateBookingAPI,Long identifier,test_create_booking_requires_user_id,177,/Users/jashwanthnaidu/ASDC project/group01/flask_app/tests/test_bookings.py,Identifier'test_create_booking_requires_user_id' exceeds the maximum length of 30 characters.
flask_app,flask_app.tests,test_bookings,TestCreateBookingAPI,Long identifier,test_create_booking_requires_item_and_shop,186,/Users/jashwanthnaidu/ASDC project/group01/flask_app/tests/test_bookings.py,Identifier'test_create_booking_requires_item_and_shop' exceeds the maximum length of 30 characters.
flask_app,flask_app.tests,test_bookings,TestCreateBookingAPI,Long identifier,test_create_booking_invalid_quantity,228,/Users/jashwanthnaidu/ASDC project/group01/flask_app/tests/test_bookings.py,Identifier'test_create_booking_invalid_quantity' exceeds the maximum length of 30 characters.
flask_app,flask_app.tests,test_bookings,TestCreateBookingAPI,Long identifier,test_create_booking_out_of_stock,252,/Users/jashwanthnaidu/ASDC project/group01/flask_app/tests/test_bookings.py,Identifier'test_create_booking_out_of_stock' exceeds the maximum length of 30 characters.
flask_app,flask_app.tests,test_bookings,TestCreateBookingAPI,Long identifier,test_create_booking_item_not_found,276,/Users/jashwanthnaidu/ASDC project/group01/flask_app/tests/test_bookings.py,Identifier'test_create_booking_item_not_found' exceeds the maximum length of 30 characters.
flask_app,flask_app.tests,test_bookings,TestCreateBookingAPI,Long identifier,test_create_booking_already_reserved,299,/Users/jashwanthnaidu/ASDC project/group01/flask_app/tests/test_bookings.py,Identifier'test_create_booking_already_reserved' exceeds the maximum length of 30 characters.
flask_app,flask_app.tests,test_bookings,TestCancelBookingAPI,Long identifier,test_cancel_booking_requires_user_id,327,/Users/jashwanthnaidu/ASDC project/group01/flask_app/tests/test_bookings.py,Identifier'test_cancel_booking_requires_user_id' exceeds the maximum length of 30 characters.
flask_app,flask_app.tests,test_bookings,TestCancelBookingAPI,Long identifier,test_cancel_booking_already_cancelled,399,/Users/jashwanthnaidu/ASDC project/group01/flask_app/tests/test_bookings.py,Identifier'test_cancel_booking_already_cancelled' exceeds the maximum length of 30 characters.
flask_app,flask_app.tests,test_bookings,TestCreateBookingAPI,Long statement,test_create_booking_requires_user_id,179,/Users/jashwanthnaidu/ASDC project/group01/flask_app/tests/test_bookings.py,A line with 126 chars in test_create_booking_requires_user_id exceeds the maximum length of 120 characters.
flask_app,flask_app.tests,test_bookings,TestCreateBookingAPI,Long statement,test_create_booking_success,212,/Users/jashwanthnaidu/ASDC project/group01/flask_app/tests/test_bookings.py,A line with 129 chars in test_create_booking_success exceeds the maximum length of 120 characters.
flask_app,flask_app.tests,test_bookings,TestCreateBookingAPI,Long statement,test_create_booking_success,217,/Users/jashwanthnaidu/ASDC project/group01/flask_app/tests/test_bookings.py,A line with 151 chars in test_create_booking_success exceeds the maximum length of 120 characters.
flask_app,flask_app.tests,test_bookings,TestCreateBookingAPI,Long statement,test_create_booking_invalid_quantity,237,/Users/jashwanthnaidu/ASDC project/group01/flask_app/tests/test_bookings.py,A line with 129 chars in test_create_booking_invalid_quantity exceeds the maximum length of 120 characters.
flask_app,flask_app.tests,test_bookings,TestCreateBookingAPI,Long statement,test_create_booking_invalid_quantity,242,/Users/jashwanthnaidu/ASDC project/group01/flask_app/tests/test_bookings.py,A line with 152 chars in test_create_booking_invalid_quantity exceeds the maximum length of 120 characters.
flask_app,flask_app.tests,test_bookings,TestCreateBookingAPI,Long statement,test_create_booking_out_of_stock,261,/Users/jashwanthnaidu/ASDC project/group01/flask_app/tests/test_bookings.py,A line with 129 chars in test_create_booking_out_of_stock exceeds the maximum length of 120 characters.
flask_app,flask_app.tests,test_bookings,TestCreateBookingAPI,Long statement,test_create_booking_out_of_stock,266,/Users/jashwanthnaidu/ASDC project/group01/flask_app/tests/test_bookings.py,A line with 151 chars in test_create_booking_out_of_stock exceeds the maximum length of 120 characters.
flask_app,flask_app.tests,test_bookings,TestCreateBookingAPI,Long statement,test_create_booking_item_not_found,285,/Users/jashwanthnaidu/ASDC project/group01/flask_app/tests/test_bookings.py,A line with 129 chars in test_create_booking_item_not_found exceeds the maximum length of 120 characters.
flask_app,flask_app.tests,test_bookings,TestCreateBookingAPI,Long statement,test_create_booking_item_not_found,290,/Users/jashwanthnaidu/ASDC project/group01/flask_app/tests/test_bookings.py,A line with 162 chars in test_create_booking_item_not_found exceeds the maximum length of 120 characters.
flask_app,flask_app.tests,test_bookings,TestCreateBookingAPI,Long statement,test_create_booking_already_reserved,308,/Users/jashwanthnaidu/ASDC project/group01/flask_app/tests/test_bookings.py,A line with 129 chars in test_create_booking_already_reserved exceeds the maximum length of 120 characters.
flask_app,flask_app.tests,test_bookings,TestCreateBookingAPI,Long statement,test_create_booking_already_reserved,313,/Users/jashwanthnaidu/ASDC project/group01/flask_app/tests/test_bookings.py,A line with 151 chars in test_create_booking_already_reserved exceeds the maximum length of 120 characters.
flask_app,flask_app.tests,test_bookings,TestBookingHelpers,Magic number,test_calculate_total_price_base_only,57,/Users/jashwanthnaidu/ASDC project/group01/flask_app/tests/test_bookings.py,Magic number 100.0 used in test_calculate_total_price_base_only.
flask_app,flask_app.tests,test_bookings,TestBookingHelpers,Magic number,test_calculate_total_price_base_only,60,/Users/jashwanthnaidu/ASDC project/group01/flask_app/tests/test_bookings.py,Magic number 200.0 used in test_calculate_total_price_base_only.
flask_app,flask_app.tests,test_bookings,TestBookingHelpers,Magic number,test_calculate_total_price_with_variants,65,/Users/jashwanthnaidu/ASDC project/group01/flask_app/tests/test_bookings.py,Magic number 100.0 used in test_calculate_total_price_with_variants.
flask_app,flask_app.tests,test_bookings,TestBookingHelpers,Magic number,test_calculate_total_price_with_variants,66,/Users/jashwanthnaidu/ASDC project/group01/flask_app/tests/test_bookings.py,Magic number 10.0 used in test_calculate_total_price_with_variants.
flask_app,flask_app.tests,test_bookings,TestBookingHelpers,Magic number,test_calculate_total_price_with_variants,75,/Users/jashwanthnaidu/ASDC project/group01/flask_app/tests/test_bookings.py,Magic number 220.0 used in test_calculate_total_price_with_variants.
flask_app,flask_app.tests,test_bookings,TestBookingHelpers,Magic number,test_calculate_total_price_empty_variants,80,/Users/jashwanthnaidu/ASDC project/group01/flask_app/tests/test_bookings.py,Magic number 50.0 used in test_calculate_total_price_empty_variants.
flask_app,flask_app.tests,test_bookings,TestBookingHelpers,Magic number,test_calculate_total_price_empty_variants,82,/Users/jashwanthnaidu/ASDC project/group01/flask_app/tests/test_bookings.py,Magic number 150.0 used in test_calculate_total_price_empty_variants.
flask_app,flask_app.tests,test_flights,,Long statement,test_get_flights_returns_list,8,/Users/jashwanthnaidu/ASDC project/group01/flask_app/tests/test_flights.py,A line with 169 chars in test_get_flights_returns_list exceeds the maximum length of 120 characters.
flask_app,flask_app.tests,test_shopping_component,TestProductImages,Long identifier,test_get_shop_items_includes_image_url,38,/Users/jashwanthnaidu/ASDC project/group01/flask_app/tests/test_shopping_component.py,Identifier'test_get_shop_items_includes_image_url' exceeds the maximum length of 30 characters.
flask_app,flask_app.tests,test_shopping_component,TestProductImages,Long identifier,test_get_shop_items_image_url_can_be_none,64,/Users/jashwanthnaidu/ASDC project/group01/flask_app/tests/test_shopping_component.py,Identifier'test_get_shop_items_image_url_can_be_none' exceeds the maximum length of 30 characters.
flask_app,flask_app.tests,test_shopping_component,TestProductVariants,Long identifier,test_get_shop_items_includes_variants,94,/Users/jashwanthnaidu/ASDC project/group01/flask_app/tests/test_shopping_component.py,Identifier'test_get_shop_items_includes_variants' exceeds the maximum length of 30 characters.
flask_app,flask_app.tests,test_shopping_component,TestProductVariants,Long identifier,test_variant_has_required_fields,136,/Users/jashwanthnaidu/ASDC project/group01/flask_app/tests/test_shopping_component.py,Identifier'test_variant_has_required_fields' exceeds the maximum length of 30 characters.
flask_app,flask_app.tests,test_shopping_component,TestProductVariants,Long identifier,test_variant_final_price_calculation,171,/Users/jashwanthnaidu/ASDC project/group01/flask_app/tests/test_shopping_component.py,Identifier'test_variant_final_price_calculation' exceeds the maximum length of 30 characters.
flask_app,flask_app.tests,test_shopping_component,TestProductVariants,Long identifier,test_items_without_variants_have_empty_array,180,/Users/jashwanthnaidu/ASDC project/group01/flask_app/tests/test_shopping_component.py,Identifier'test_items_without_variants_have_empty_array' exceeds the maximum length of 30 characters.
flask_app,flask_app.tests,test_shopping_component,TestStockQuantity,Long identifier,test_get_shop_items_includes_stock_quantity,210,/Users/jashwanthnaidu/ASDC project/group01/flask_app/tests/test_shopping_component.py,Identifier'test_get_shop_items_includes_stock_quantity' exceeds the maximum length of 30 characters.
flask_app,flask_app.tests,test_shopping_component,TestTimeParsing,Long identifier,test_parse_time_with_trailing_colon,291,/Users/jashwanthnaidu/ASDC project/group01/flask_app/tests/test_shopping_component.py,Identifier'test_parse_time_with_trailing_colon' exceeds the maximum length of 30 characters.
flask_app,flask_app.tests,test_shopping_component,TestTimeParsing,Long identifier,test_time_comparison_open_hours,300,/Users/jashwanthnaidu/ASDC project/group01/flask_app/tests/test_shopping_component.py,Identifier'test_time_comparison_open_hours' exceeds the maximum length of 30 characters.
flask_app,flask_app.tests,test_shopping_component,TestShopStatusText,Long identifier,test_status_opens_at_when_closed,352,/Users/jashwanthnaidu/ASDC project/group01/flask_app/tests/test_shopping_component.py,Identifier'test_status_opens_at_when_closed' exceeds the maximum length of 30 characters.
flask_app,flask_app.tests,test_shopping_component,TestShopStatusText,Long identifier,test_next_change_shows_close_time_when_open,380,/Users/jashwanthnaidu/ASDC project/group01/flask_app/tests/test_shopping_component.py,Identifier'test_next_change_shows_close_time_when_open' exceeds the maximum length of 30 characters.
flask_app,flask_app.tests,test_shopping_component,TestShopStatusText,Long identifier,test_next_change_shows_open_time_when_closed,408,/Users/jashwanthnaidu/ASDC project/group01/flask_app/tests/test_shopping_component.py,Identifier'test_next_change_shows_open_time_when_closed' exceeds the maximum length of 30 characters.
flask_app,flask_app.tests,test_shopping_component,TestBookingWithVariants,Long identifier,test_create_booking_with_variants_calculates_price,440,/Users/jashwanthnaidu/ASDC project/group01/flask_app/tests/test_shopping_component.py,Identifier'test_create_booking_with_variants_calculates_price' exceeds the maximum length of 30 characters.
flask_app,flask_app.tests,test_shopping_component,TestBookingWithVariants,Long identifier,test_create_booking_with_multiple_quantity_and_variants,458,/Users/jashwanthnaidu/ASDC project/group01/flask_app/tests/test_shopping_component.py,Identifier'test_create_booking_with_multiple_quantity_and_variants' exceeds the maximum length of 30 characters.
flask_app,flask_app.tests,test_shopping_component,TestBookingWithVariants,Long identifier,test_create_booking_with_positive_price_adjustment,476,/Users/jashwanthnaidu/ASDC project/group01/flask_app/tests/test_shopping_component.py,Identifier'test_create_booking_with_positive_price_adjustment' exceeds the maximum length of 30 characters.
flask_app,flask_app.tests,test_shopping_component,,Long statement,,1,/Users/jashwanthnaidu/ASDC project/group01/flask_app/tests/test_shopping_component.py,A line with 177 chars in test_shopping_component exceeds the maximum length of 120 characters.
flask_app,flask_app.tests,test_login,,Long statement,test_valid_token_allows_access,106,/Users/jashwanthnaidu/ASDC project/group01/flask_app/tests/test_login.py,A line with 121 chars in test_valid_token_allows_access exceeds the maximum length of 120 characters.
flask_app,flask_app.tests,test_arrivals_departures,,Long statement,test_get_arrivals,8,/Users/jashwanthnaidu/ASDC project/group01/flask_app/tests/test_arrivals_departures.py,A line with 202 chars in test_get_arrivals exceeds the maximum length of 120 characters.
flask_app,flask_app.tests,test_arrivals_departures,,Long statement,test_get_departures,35,/Users/jashwanthnaidu/ASDC project/group01/flask_app/tests/test_arrivals_departures.py,A line with 208 chars in test_get_departures exceeds the maximum length of 120 characters.
flask_app,flask_app.tests,test_subscribe,,Long statement,test_subscribe_success,31,/Users/jashwanthnaidu/ASDC project/group01/flask_app/tests/test_subscribe.py,A line with 121 chars in test_subscribe_success exceeds the maximum length of 120 characters.
flask_app,flask_app.tests,test_shops,,Long identifier,test_get_shops_with_category_filter,76,/Users/jashwanthnaidu/ASDC project/group01/flask_app/tests/test_shops.py,Identifier'test_get_shops_with_category_filter' exceeds the maximum length of 30 characters.
flask_app,flask_app.tests,test_shops,,Long identifier,test_get_shops_with_open_now_filter_true,95,/Users/jashwanthnaidu/ASDC project/group01/flask_app/tests/test_shops.py,Identifier'test_get_shops_with_open_now_filter_true' exceeds the maximum length of 30 characters.
flask_app,flask_app.tests,test_shops,,Long identifier,test_get_shops_with_open_now_filter_false,112,/Users/jashwanthnaidu/ASDC project/group01/flask_app/tests/test_shops.py,Identifier'test_get_shops_with_open_now_filter_false' exceeds the maximum length of 30 characters.
flask_app,flask_app.tests,test_shops,,Long identifier,test_get_shops_with_sorting_name,129,/Users/jashwanthnaidu/ASDC project/group01/flask_app/tests/test_shops.py,Identifier'test_get_shops_with_sorting_name' exceeds the maximum length of 30 characters.
flask_app,flask_app.tests,test_shops,,Long identifier,test_get_shops_with_sorting_status,146,/Users/jashwanthnaidu/ASDC project/group01/flask_app/tests/test_shops.py,Identifier'test_get_shops_with_sorting_status' exceeds the maximum length of 30 characters.
flask_app,flask_app.tests,test_shops,,Long identifier,test_get_shops_with_sorting_gate,163,/Users/jashwanthnaidu/ASDC project/group01/flask_app/tests/test_shops.py,Identifier'test_get_shops_with_sorting_gate' exceeds the maximum length of 30 characters.
flask_app,flask_app.tests,test_shops,,Long identifier,test_get_shops_with_terminal_filter,180,/Users/jashwanthnaidu/ASDC project/group01/flask_app/tests/test_shops.py,Identifier'test_get_shops_with_terminal_filter' exceeds the maximum length of 30 characters.
flask_app,flask_app.tests,test_shops,,Long identifier,test_get_shops_with_gate_filter,197,/Users/jashwanthnaidu/ASDC project/group01/flask_app/tests/test_shops.py,Identifier'test_get_shops_with_gate_filter' exceeds the maximum length of 30 characters.
flask_app,flask_app.tests,test_shops,,Long identifier,test_get_shops_with_multiple_filters,214,/Users/jashwanthnaidu/ASDC project/group01/flask_app/tests/test_shops.py,Identifier'test_get_shops_with_multiple_filters' exceeds the maximum length of 30 characters.
flask_app,flask_app.tests,test_shops,,Long identifier,test_get_shop_catalog_default_include_items,430,/Users/jashwanthnaidu/ASDC project/group01/flask_app/tests/test_shops.py,Identifier'test_get_shop_catalog_default_include_items' exceeds the maximum length of 30 characters.
flask_app,flask_app.tests,test_shops,,Long identifier,test_get_shop_catalog_without_items,448,/Users/jashwanthnaidu/ASDC project/group01/flask_app/tests/test_shops.py,Identifier'test_get_shop_catalog_without_items' exceeds the maximum length of 30 characters.
flask_app,flask_app.tests,test_shops,,Long identifier,test_get_shop_catalog_not_found,466,/Users/jashwanthnaidu/ASDC project/group01/flask_app/tests/test_shops.py,Identifier'test_get_shop_catalog_not_found' exceeds the maximum length of 30 characters.
flask_app,flask_app.tests,test_shops,,Long identifier,test_get_shop_items_with_search,517,/Users/jashwanthnaidu/ASDC project/group01/flask_app/tests/test_shops.py,Identifier'test_get_shop_items_with_search' exceeds the maximum length of 30 characters.
flask_app,flask_app.tests,test_shops,,Long identifier,test_get_shop_items_with_category_id,536,/Users/jashwanthnaidu/ASDC project/group01/flask_app/tests/test_shops.py,Identifier'test_get_shop_items_with_category_id' exceeds the maximum length of 30 characters.
flask_app,flask_app.tests,test_shops,,Long identifier,test_get_shop_items_with_min_price,555,/Users/jashwanthnaidu/ASDC project/group01/flask_app/tests/test_shops.py,Identifier'test_get_shop_items_with_min_price' exceeds the maximum length of 30 characters.
flask_app,flask_app.tests,test_shops,,Long identifier,test_get_shop_items_with_max_price,574,/Users/jashwanthnaidu/ASDC project/group01/flask_app/tests/test_shops.py,Identifier'test_get_shop_items_with_max_price' exceeds the maximum length of 30 characters.
flask_app,flask_app.tests,test_shops,,Long identifier,test_get_shop_items_with_price_range,593,/Users/jashwanthnaidu/ASDC project/group01/flask_app/tests/test_shops.py,Identifier'test_get_shop_items_with_price_range' exceeds the maximum length of 30 characters.
flask_app,flask_app.tests,test_shops,,Long identifier,test_get_shop_items_invalid_price_range,615,/Users/jashwanthnaidu/ASDC project/group01/flask_app/tests/test_shops.py,Identifier'test_get_shop_items_invalid_price_range' exceeds the maximum length of 30 characters.
flask_app,flask_app.tests,test_shops,,Long identifier,test_get_shop_items_with_availability_in_stock,624,/Users/jashwanthnaidu/ASDC project/group01/flask_app/tests/test_shops.py,Identifier'test_get_shop_items_with_availability_in_stock' exceeds the maximum length of 30 characters.
flask_app,flask_app.tests,test_shops,,Long identifier,test_get_shop_items_with_availability_low_stock,643,/Users/jashwanthnaidu/ASDC project/group01/flask_app/tests/test_shops.py,Identifier'test_get_shop_items_with_availability_low_stock' exceeds the maximum length of 30 characters.
flask_app,flask_app.tests,test_shops,,Long identifier,test_get_shop_items_with_availability_out_of_stock,662,/Users/jashwanthnaidu/ASDC project/group01/flask_app/tests/test_shops.py,Identifier'test_get_shop_items_with_availability_out_of_stock' exceeds the maximum length of 30 characters.
flask_app,flask_app.tests,test_shops,,Long identifier,test_get_shop_items_with_sorting_name,681,/Users/jashwanthnaidu/ASDC project/group01/flask_app/tests/test_shops.py,Identifier'test_get_shop_items_with_sorting_name' exceeds the maximum length of 30 characters.
flask_app,flask_app.tests,test_shops,,Long identifier,test_get_shop_items_with_sorting_price_asc,700,/Users/jashwanthnaidu/ASDC project/group01/flask_app/tests/test_shops.py,Identifier'test_get_shop_items_with_sorting_price_asc' exceeds the maximum length of 30 characters.
flask_app,flask_app.tests,test_shops,,Long identifier,test_get_shop_items_with_sorting_price_desc,719,/Users/jashwanthnaidu/ASDC project/group01/flask_app/tests/test_shops.py,Identifier'test_get_shop_items_with_sorting_price_desc' exceeds the maximum length of 30 characters.
flask_app,flask_app.tests,test_shops,,Long identifier,test_get_shop_items_with_multiple_filters,738,/Users/jashwanthnaidu/ASDC project/group01/flask_app/tests/test_shops.py,Identifier'test_get_shop_items_with_multiple_filters' exceeds the maximum length of 30 characters.
flask_app,flask_app.tests,test_shops,,Long identifier,test_get_shop_item_categories_empty,881,/Users/jashwanthnaidu/ASDC project/group01/flask_app/tests/test_shops.py,Identifier'test_get_shop_item_categories_empty' exceeds the maximum length of 30 characters.
flask_app,flask_app.tests,test_shops,,Long identifier,test_get_shop_item_categories_not_found,900,/Users/jashwanthnaidu/ASDC project/group01/flask_app/tests/test_shops.py,Identifier'test_get_shop_item_categories_not_found' exceeds the maximum length of 30 characters.
flask_app,flask_app.tests,test_shops,,Long statement,test_get_shops_list_all,37,/Users/jashwanthnaidu/ASDC project/group01/flask_app/tests/test_shops.py,A line with 343 chars in test_get_shops_list_all exceeds the maximum length of 120 characters.
flask_app,flask_app.tests,test_shops,,Long statement,test_get_shops_with_category_filter,80,/Users/jashwanthnaidu/ASDC project/group01/flask_app/tests/test_shops.py,A line with 158 chars in test_get_shops_with_category_filter exceeds the maximum length of 120 characters.
flask_app,flask_app.tests,test_shops,,Long statement,test_get_shops_with_open_now_filter_true,99,/Users/jashwanthnaidu/ASDC project/group01/flask_app/tests/test_shops.py,A line with 148 chars in test_get_shops_with_open_now_filter_true exceeds the maximum length of 120 characters.
flask_app,flask_app.tests,test_shops,,Long statement,test_get_shops_with_multiple_filters,221,/Users/jashwanthnaidu/ASDC project/group01/flask_app/tests/test_shops.py,A line with 133 chars in test_get_shops_with_multiple_filters exceeds the maximum length of 120 characters.
flask_app,flask_app.tests,test_shops,,Long statement,test_get_shop_items_with_multiple_filters,758,/Users/jashwanthnaidu/ASDC project/group01/flask_app/tests/test_shops.py,A line with 172 chars in test_get_shop_items_with_multiple_filters exceeds the maximum length of 120 characters.
flask_app,flask_app.tests,test_shops,,Magic number,test_get_shop_item_categories,858,/Users/jashwanthnaidu/ASDC project/group01/flask_app/tests/test_shops.py,Magic number 2 used in test_get_shop_item_categories.
flask_app,flask_app.tests,test_integration,TestGetShops,Long statement,test_basic_listing,52,/Users/jashwanthnaidu/ASDC project/group01/flask_app/tests/test_integration.py,A line with 323 chars in test_basic_listing exceeds the maximum length of 120 characters.
flask_app,flask_app.tests,test_integration,TestGetShops,Long statement,test_category_filter,72,/Users/jashwanthnaidu/ASDC project/group01/flask_app/tests/test_integration.py,A line with 154 chars in test_category_filter exceeds the maximum length of 120 characters.
flask_app,flask_app.tests,test_integration,TestGetShops,Long statement,test_terminal_filter,88,/Users/jashwanthnaidu/ASDC project/group01/flask_app/tests/test_integration.py,A line with 150 chars in test_terminal_filter exceeds the maximum length of 120 characters.
flask_app,flask_app.tests,test_integration,TestGetShops,Long statement,test_gate_filter,104,/Users/jashwanthnaidu/ASDC project/group01/flask_app/tests/test_integration.py,A line with 143 chars in test_gate_filter exceeds the maximum length of 120 characters.
flask_app,flask_app.tests,test_integration,TestGetShops,Long statement,test_name_sorting,120,/Users/jashwanthnaidu/ASDC project/group01/flask_app/tests/test_integration.py,A line with 140 chars in test_name_sorting exceeds the maximum length of 120 characters.
flask_app,flask_app.tests,test_integration,TestGetShops,Long statement,test_status_sorting,136,/Users/jashwanthnaidu/ASDC project/group01/flask_app/tests/test_integration.py,A line with 244 chars in test_status_sorting exceeds the maximum length of 120 characters.
flask_app,flask_app.tests,test_integration,TestGetShops,Long statement,test_closed_shop_status,172,/Users/jashwanthnaidu/ASDC project/group01/flask_app/tests/test_integration.py,A line with 145 chars in test_closed_shop_status exceeds the maximum length of 120 characters.
flask_app,flask_app.tests,test_integration,TestGetShopById,Long statement,test_found,216,/Users/jashwanthnaidu/ASDC project/group01/flask_app/tests/test_integration.py,A line with 125 chars in test_found exceeds the maximum length of 120 characters.
flask_app,flask_app.tests,test_integration,TestShopHours,Long statement,test_weekly_schedule,273,/Users/jashwanthnaidu/ASDC project/group01/flask_app/tests/test_integration.py,A line with 159 chars in test_weekly_schedule exceeds the maximum length of 120 characters.
flask_app,flask_app.tests,test_integration,TestShopItems,Long statement,test_basic_list,364,/Users/jashwanthnaidu/ASDC project/group01/flask_app/tests/test_integration.py,A line with 139 chars in test_basic_list exceeds the maximum length of 120 characters.
flask_app,flask_app.tests,test_integration,TestItemCategories,Long statement,test_valid_shop,406,/Users/jashwanthnaidu/ASDC project/group01/flask_app/tests/test_integration.py,A line with 149 chars in test_valid_shop exceeds the maximum length of 120 characters.
flask_app,flask_app.tests,test_integration,TestGetBookings,Long statement,test_with_data,475,/Users/jashwanthnaidu/ASDC project/group01/flask_app/tests/test_integration.py,A line with 285 chars in test_with_data exceeds the maximum length of 120 characters.
flask_app,flask_app.tests,test_integration,TestGetShops,Magic number,test_basic_listing,55,/Users/jashwanthnaidu/ASDC project/group01/flask_app/tests/test_integration.py,Magic number 2 used in test_basic_listing.
flask_app,flask_app.tests,test_integration,TestGetShops,Magic number,test_status_sorting,139,/Users/jashwanthnaidu/ASDC project/group01/flask_app/tests/test_integration.py,Magic number 2 used in test_status_sorting.
flask_app,flask_app.tests,test_integration,TestShopCategories,Magic number,test_list_all,299,/Users/jashwanthnaidu/ASDC project/group01/flask_app/tests/test_integration.py,Magic number 3 used in test_list_all.
flask_app,flask_app.tests,test_integration,TestItemCategories,Magic number,test_valid_shop,408,/Users/jashwanthnaidu/ASDC project/group01/flask_app/tests/test_integration.py,Magic number 2 used in test_valid_shop.
flask_app,flask_app.tests,test_integration,TestItemCategories,Magic number,test_valid_shop,409,/Users/jashwanthnaidu/ASDC project/group01/flask_app/tests/test_integration.py,Magic number 3 used in test_valid_shop.
flask_app,flask_app.tests,test_constants,,Long statement,,1,/Users/jashwanthnaidu/ASDC project/group01/flask_app/tests/test_constants.py,A line with 321 chars in test_constants exceeds the maximum length of 120 characters.
flask_app,flask_app.helper,helper_cron_jobs,,Complex method,check_departure_reminders,50 - 141,/Users/jashwanthnaidu/ASDC project/group01/flask_app/helper/helper_cron_jobs.py,"Method 'check_departure_reminders' has a cyclomatic complexity of 18, exceeding the max of 6."
flask_app,flask_app.helper,helper_cron_jobs,,Complex method,check_flight_updates,144 - 246,/Users/jashwanthnaidu/ASDC project/group01/flask_app/helper/helper_cron_jobs.py,"Method 'check_flight_updates' has a cyclomatic complexity of 26, exceeding the max of 6."
flask_app,flask_app.helper,helper_cron_jobs,,Long method,check_departure_reminders,50 - 141,/Users/jashwanthnaidu/ASDC project/group01/flask_app/helper/helper_cron_jobs.py,Method 'check_departure_reminders' is too long (88 lines).
flask_app,flask_app.helper,helper_cron_jobs,,Long method,check_flight_updates,144 - 246,/Users/jashwanthnaidu/ASDC project/group01/flask_app/helper/helper_cron_jobs.py,Method 'check_flight_updates' is too long (100 lines).
flask_app,flask_app.helper,helper_cron_jobs,,Long statement,get_db_connection,40,/Users/jashwanthnaidu/ASDC project/group01/flask_app/helper/helper_cron_jobs.py,A line with 261 chars in get_db_connection exceeds the maximum length of 120 characters.
flask_app,flask_app.helper,helper_cron_jobs,,Long statement,check_departure_reminders,51,/Users/jashwanthnaidu/ASDC project/group01/flask_app/helper/helper_cron_jobs.py,A line with 238 chars in check_departure_reminders exceeds the maximum length of 120 characters.
flask_app,flask_app.helper,helper_cron_jobs,,Long statement,check_departure_reminders,69,/Users/jashwanthnaidu/ASDC project/group01/flask_app/helper/helper_cron_jobs.py,A line with 409 chars in check_departure_reminders exceeds the maximum length of 120 characters.
flask_app,flask_app.helper,helper_cron_jobs,,Long statement,check_departure_reminders,106,/Users/jashwanthnaidu/ASDC project/group01/flask_app/helper/helper_cron_jobs.py,A line with 201 chars in check_departure_reminders exceeds the maximum length of 120 characters.
flask_app,flask_app.helper,helper_cron_jobs,,Long statement,check_departure_reminders,119,/Users/jashwanthnaidu/ASDC project/group01/flask_app/helper/helper_cron_jobs.py,A line with 122 chars in check_departure_reminders exceeds the maximum length of 120 characters.
flask_app,flask_app.helper,helper_cron_jobs,,Long statement,check_flight_updates,145,/Users/jashwanthnaidu/ASDC project/group01/flask_app/helper/helper_cron_jobs.py,A line with 150 chars in check_flight_updates exceeds the maximum length of 120 characters.
flask_app,flask_app.helper,helper_cron_jobs,,Long statement,check_flight_updates,156,/Users/jashwanthnaidu/ASDC project/group01/flask_app/helper/helper_cron_jobs.py,A line with 285 chars in check_flight_updates exceeds the maximum length of 120 characters.
flask_app,flask_app.helper,helper_cron_jobs,,Long statement,start_background_jobs,261,/Users/jashwanthnaidu/ASDC project/group01/flask_app/helper/helper_cron_jobs.py,A line with 182 chars in start_background_jobs exceeds the maximum length of 120 characters.
flask_app,flask_app.helper,helper_cron_jobs,,Long statement,start_background_jobs,271,/Users/jashwanthnaidu/ASDC project/group01/flask_app/helper/helper_cron_jobs.py,A line with 167 chars in start_background_jobs exceeds the maximum length of 120 characters.
flask_app,flask_app.helper,helper_cron_jobs,,Long statement,start_background_jobs,284,/Users/jashwanthnaidu/ASDC project/group01/flask_app/helper/helper_cron_jobs.py,A line with 127 chars in start_background_jobs exceeds the maximum length of 120 characters.
flask_app,flask_app.helper,helper_firebase_notification,,Complex method,notify_subscribers,107 - 230,/Users/jashwanthnaidu/ASDC project/group01/flask_app/helper/helper_firebase_notification.py,"Method 'notify_subscribers' has a cyclomatic complexity of 22, exceeding the max of 6."
flask_app,flask_app.helper,helper_firebase_notification,,Long method,notify_subscribers,107 - 230,/Users/jashwanthnaidu/ASDC project/group01/flask_app/helper/helper_firebase_notification.py,Method 'notify_subscribers' is too long (111 lines).
flask_app,flask_app.helper,helper_firebase_notification,,Long statement,send_push,36,/Users/jashwanthnaidu/ASDC project/group01/flask_app/helper/helper_firebase_notification.py,A line with 154 chars in send_push exceeds the maximum length of 120 characters.
flask_app,flask_app.helper,helper_firebase_notification,,Long statement,_fetch_tokens_for_subscription,65,/Users/jashwanthnaidu/ASDC project/group01/flask_app/helper/helper_firebase_notification.py,A line with 139 chars in _fetch_tokens_for_subscription exceeds the maximum length of 120 characters.
flask_app,flask_app.helper,helper_firebase_notification,,Long statement,_fetch_tokens_for_subscription,80,/Users/jashwanthnaidu/ASDC project/group01/flask_app/helper/helper_firebase_notification.py,A line with 148 chars in _fetch_tokens_for_subscription exceeds the maximum length of 120 characters.
flask_app,flask_app.helper,helper_firebase_notification,,Long statement,notify_subscribers,108,/Users/jashwanthnaidu/ASDC project/group01/flask_app/helper/helper_firebase_notification.py,A line with 169 chars in notify_subscribers exceeds the maximum length of 120 characters.
flask_app,flask_app.helper,helper_firebase_notification,,Long statement,notify_subscribers,152,/Users/jashwanthnaidu/ASDC project/group01/flask_app/helper/helper_firebase_notification.py,A line with 168 chars in notify_subscribers exceeds the maximum length of 120 characters.
flask_app,flask_app.helper,helper_firebase_notification,,Long statement,notify_subscribers,162,/Users/jashwanthnaidu/ASDC project/group01/flask_app/helper/helper_firebase_notification.py,A line with 166 chars in notify_subscribers exceeds the maximum length of 120 characters.
flask_app,flask_app.helper,helper_firebase_notification,,Long statement,notify_subscribers,169,/Users/jashwanthnaidu/ASDC project/group01/flask_app/helper/helper_firebase_notification.py,A line with 140 chars in notify_subscribers exceeds the maximum length of 120 characters.
flask_app,flask_app.helper,helper_firebase_notification,,Long statement,notify_subscribers,177,/Users/jashwanthnaidu/ASDC project/group01/flask_app/helper/helper_firebase_notification.py,A line with 139 chars in notify_subscribers exceeds the maximum length of 120 characters.
flask_app,flask_app.helper,helper_firebase_notification,,Long statement,notify_subscribers,226,/Users/jashwanthnaidu/ASDC project/group01/flask_app/helper/helper_firebase_notification.py,A line with 124 chars in notify_subscribers exceeds the maximum length of 120 characters.
